{"cameraMode":{"drawMode":0,"name":"Shaded","section":"Shading Mode"},"sceneLighting":false,"audioPlay":false,"sceneViewState":{"m_AlwaysRefresh":false,"showFog":false,"showSkybox":false,"showFlares":false,"showImageEffects":false,"showParticleSystems":false,"showVisualEffectGraphs":true,"m_FxEnabled":true},"in2DMode":false,"pivot":{"x":0.0022389888763427736,"y":-0.0015944838523864747,"z":-0.001959502696990967},"rotation":{"x":-0.23128388822078706,"y":-0.3229537010192871,"z":0.08171428740024567,"w":-0.9141437411308289},"size":1.425143837928772,"orthographic":false}