{"cameraMode":{"drawMode":0,"name":"Shaded","section":"Shading Mode"},"sceneLighting":false,"audioPlay":false,"sceneViewState":{"m_AlwaysRefresh":false,"showFog":true,"showSkybox":false,"showFlares":true,"showImageEffects":true,"showParticleSystems":true,"showVisualEffectGraphs":true,"m_FxEnabled":true},"in2DMode":false,"pivot":{"x":0.18038590252399445,"y":0.954412579536438,"z":0.20408472418785096},"rotation":{"x":-0.0029810955747962,"y":0.9962322115898132,"z":-0.0781722217798233,"w":-0.0379449687898159},"size":1.2873162031173707,"orthographic":false}