{"cameraMode":{"drawMode":0,"name":"Shaded","section":"Shading Mode"},"sceneLighting":false,"audioPlay":false,"sceneViewState":{"m_AlwaysRefresh":false,"showFog":true,"showSkybox":false,"showFlares":true,"showImageEffects":true,"showParticleSystems":true,"showVisualEffectGraphs":true,"m_FxEnabled":true},"in2DMode":false,"pivot":{"x":4.539999961853027,"y":1.7000000476837159,"z":3.7200000286102297},"rotation":{"x":-0.13730837404727937,"y":0.49437326192855837,"z":-0.07945910096168518,"w":-0.8547090888023377},"size":1.5823791027069092,"orthographic":false}