{"cameraMode":{"drawMode":0,"name":"Shaded","section":"Shading Mode"},"sceneLighting":true,"audioPlay":false,"sceneViewState":{"m_AlwaysRefresh":false,"showFog":true,"showSkybox":true,"showFlares":true,"showImageEffects":true,"showParticleSystems":true,"showVisualEffectGraphs":true,"m_FxEnabled":true},"in2DMode":false,"pivot":{"x":1.2569109201431275,"y":4.497825622558594,"z":-0.22388175129890443},"rotation":{"x":-0.19205708801746369,"y":-0.21785245835781098,"z":0.044090110808610919,"w":-0.9560868740081787},"size":1.0856984853744507,"orthographic":false}